Attribute_Cluster,Category,Cluster_Stock,ROP,Safety_Stock,1_Month_Forecast,SUGGESTED_ORDER,Expiry_Warning
Clothing | Brand Y | Large | Blue | Plastic,Clothing,78,77.0,28.0,208.0,0,OK
Clothing | Brand Y | Medium | White | Glass,Clothing,93,75.0,27.0,202.0,0,OK
Electronics | Brand Y | Large | Green | Metal,Electronics,97,73.0,27.0,195.0,0,OK
Electronics | Brand X | Large | Blue | Metal,Electronics,98,74.0,27.0,200.0,0,OK
Furniture | Brand Z | Small | Black | Plastic,Furniture,104,78.0,29.0,207.0,0,OK
Toys | Brand Z | Small | White | Metal,Toys,107,75.0,28.0,198.0,0,OK
Clothing | Brand X | Small | Green | Wood,Clothing,122,78.0,29.0,209.0,0,OK
Clothing | Brand Z | Medium | Green | Metal,Clothing,125,80.0,30.0,211.0,0,OK
Electronics | Brand Z | Large | Green | Plastic,Electronics,127,73.0,27.0,194.0,0,OK
Groceries | Brand Y | Large | Green | Metal,Groceries,130,80.0,30.0,213.0,0,OK
Groceries | Brand Z | Large | Blue | Wood,Groceries,147,75.0,27.0,204.0,0,OK
Groceries | Brand Y | Small | Red | Metal,Groceries,170,75.0,28.0,199.0,0,OK
Electronics | Brand Y | Large | Blue | Wood,Electronics,171,79.0,30.0,206.0,0,OK
Electronics | Brand Y | Medium | Blue | Glass,Electronics,175,78.0,28.0,211.0,0,OK
Toys | Brand X | Small | White | Wood,Toys,181,73.0,27.0,196.0,0,OK
Groceries | Brand Y | Medium | Blue | Metal,Groceries,182,78.0,29.0,208.0,0,OK
Groceries | Brand Z | Small | Blue | Glass,Groceries,183,75.0,27.0,204.0,0,OK
Furniture | Brand Z | Medium | Black | Plastic,Furniture,188,76.0,29.0,201.0,0,OK
Electronics | Brand Z | Large | Green | Wood,Electronics,192,79.0,30.0,206.0,0,OK
Groceries | Brand X | Medium | White | Glass,Groceries,197,73.0,27.0,196.0,0,OK
Groceries | Brand Y | Large | Blue | Plastic,Groceries,198,78.0,29.0,208.0,0,OK
Toys | Brand Z | Large | White | Metal,Toys,202,79.0,30.0,208.0,0,OK
Furniture | Brand Z | Medium | Black | Wood,Furniture,205,80.0,28.0,219.0,0,OK
Clothing | Brand Y | Medium | Red | Metal,Clothing,211,82.0,30.0,219.0,0,OK
Toys | Brand Z | Small | Green | Plastic,Toys,212,77.0,28.0,207.0,0,OK
Clothing | Brand Y | Medium | Blue | Wood,Clothing,214,73.0,27.0,196.0,0,OK
Clothing | Brand Z | Large | Black | Wood,Clothing,217,79.0,30.0,208.0,0,OK
Toys | Brand Y | Large | Green | Metal,Toys,217,80.0,30.0,214.0,0,OK
Toys | Brand X | Large | White | Metal,Toys,219,77.0,28.0,206.0,0,OK
Clothing | Brand X | Small | Red | Glass,Clothing,221,81.0,31.0,213.0,0,OK
Groceries | Brand Y | Large | White | Glass,Groceries,224,79.0,30.0,209.0,0,OK
Clothing | Brand Y | Small | Blue | Metal,Clothing,226,79.0,29.0,211.0,0,OK
Furniture | Brand Z | Small | Blue | Glass,Furniture,226,79.0,27.0,221.0,0,OK
Furniture | Brand X | Medium | Red | Glass,Furniture,227,75.0,27.0,204.0,0,OK
Furniture | Brand Y | Large | Black | Metal,Furniture,228,76.0,27.0,208.0,0,OK
Furniture | Brand Z | Large | Green | Glass,Furniture,232,78.0,29.0,207.0,0,OK
Electronics | Brand Y | Medium | White | Metal,Electronics,236,78.0,30.0,202.0,0,OK
Groceries | Brand X | Small | Green | Metal,Groceries,236,81.0,29.0,222.0,0,OK
Furniture | Brand X | Small | Blue | Metal,Furniture,237,80.0,29.0,216.0,0,OK
Electronics | Brand X | Small | Black | Wood,Electronics,238,78.0,30.0,202.0,0,OK
Electronics | Brand Z | Small | Red | Wood,Electronics,238,76.0,28.0,205.0,0,OK
Furniture | Brand Z | Small | Blue | Plastic,Furniture,238,77.0,28.0,209.0,0,OK
Groceries | Brand Y | Small | Blue | Glass,Groceries,239,81.0,30.0,217.0,0,OK
Clothing | Brand Z | Large | Black | Plastic,Clothing,242,78.0,29.0,208.0,0,OK
Groceries | Brand X | Small | Blue | Wood,Groceries,243,78.0,30.0,204.0,0,OK
Furniture | Brand Y | Small | White | Plastic,Furniture,246,82.0,31.0,217.0,0,OK
Electronics | Brand X | Medium | Black | Metal,Electronics,247,75.0,28.0,200.0,0,OK
Clothing | Brand X | Medium | Red | Metal,Clothing,248,79.0,29.0,214.0,0,OK
Groceries | Brand Y | Small | Black | Plastic,Groceries,249,74.0,27.0,200.0,0,OK
Groceries | Brand Y | Large | Black | Metal,Groceries,250,76.0,28.0,203.0,0,OK
Groceries | Brand Y | Medium | White | Wood,Groceries,251,78.0,28.0,213.0,0,OK
Clothing | Brand X | Large | Black | Wood,Clothing,252,78.0,30.0,204.0,0,OK
Furniture | Brand Y | Small | Red | Glass,Furniture,254,72.0,26.0,197.0,0,OK
Electronics | Brand Y | Large | White | Plastic,Electronics,256,75.0,28.0,200.0,0,OK
Groceries | Brand X | Medium | Green | Metal,Groceries,259,77.0,28.0,206.0,0,OK
Clothing | Brand Z | Large | White | Plastic,Clothing,262,82.0,30.0,220.0,0,OK
Clothing | Brand Z | Small | Black | Plastic,Clothing,262,78.0,28.0,212.0,0,OK
Groceries | Brand X | Large | Red | Wood,Groceries,262,79.0,30.0,208.0,0,OK
Toys | Brand Y | Large | Red | Plastic,Toys,265,76.0,28.0,202.0,0,OK
Clothing | Brand Y | Medium | Green | Glass,Clothing,266,75.0,29.0,197.0,0,OK
Groceries | Brand X | Medium | Green | Glass,Groceries,267,77.0,29.0,204.0,0,OK
Electronics | Brand Y | Small | Green | Metal,Electronics,270,73.0,28.0,191.0,0,OK
Electronics | Brand Z | Medium | Green | Glass,Electronics,270,74.0,27.0,199.0,0,OK
Toys | Brand X | Large | Red | Glass,Toys,271,80.0,28.0,219.0,0,OK
Toys | Brand Y | Small | White | Plastic,Toys,272,78.0,29.0,210.0,0,OK
Furniture | Brand Z | Large | Black | Plastic,Furniture,275,79.0,29.0,214.0,0,OK
Electronics | Brand Z | Small | Blue | Plastic,Electronics,276,73.0,27.0,195.0,0,OK
Clothing | Brand X | Medium | Black | Wood,Clothing,278,72.0,26.0,196.0,0,OK
Groceries | Brand Z | Small | Black | Metal,Groceries,278,75.0,27.0,204.0,0,OK
Toys | Brand Z | Large | Green | Plastic,Toys,278,75.0,28.0,199.0,0,OK
Toys | Brand X | Medium | White | Metal,Toys,281,74.0,27.0,199.0,0,OK
Toys | Brand X | Large | Blue | Glass,Toys,283,76.0,28.0,204.0,0,OK
Clothing | Brand X | Small | Blue | Plastic,Clothing,284,78.0,28.0,213.0,0,OK
Groceries | Brand X | Medium | Black | Glass,Groceries,285,78.0,29.0,206.0,0,OK
Groceries | Brand Z | Small | Black | Plastic,Groceries,286,75.0,27.0,203.0,0,OK
Toys | Brand X | Small | Green | Plastic,Toys,286,72.0,28.0,188.0,0,OK
Clothing | Brand Z | Small | Blue | Wood,Clothing,287,78.0,27.0,216.0,0,OK
Toys | Brand Z | Medium | Blue | Glass,Toys,288,74.0,28.0,196.0,0,OK
Clothing | Brand Z | Large | Red | Wood,Clothing,289,80.0,30.0,212.0,0,OK
Groceries | Brand Z | Small | White | Wood,Groceries,289,78.0,29.0,207.0,0,OK
Toys | Brand X | Medium | Red | Plastic,Toys,289,74.0,28.0,196.0,0,OK
Furniture | Brand X | Medium | Red | Metal,Furniture,292,76.0,27.0,206.0,0,OK
Groceries | Brand Z | Small | Green | Metal,Groceries,292,74.0,28.0,196.0,0,OK
Electronics | Brand X | Small | Green | Glass,Electronics,293,74.0,27.0,199.0,0,OK
Groceries | Brand Y | Small | Black | Glass,Groceries,293,78.0,29.0,208.0,0,OK
Toys | Brand Y | Large | Black | Glass,Toys,293,79.0,30.0,210.0,0,OK
Toys | Brand X | Medium | Green | Wood,Toys,296,75.0,28.0,199.0,0,OK
Groceries | Brand Z | Medium | White | Glass,Groceries,297,76.0,29.0,199.0,0,OK
Groceries | Brand Z | Medium | White | Plastic,Groceries,300,77.0,29.0,204.0,0,OK
Groceries | Brand Y | Small | Green | Wood,Groceries,301,80.0,28.0,219.0,0,OK
Clothing | Brand X | Large | Blue | Plastic,Clothing,304,81.0,31.0,212.0,0,OK
Electronics | Brand Y | Medium | Red | Wood,Electronics,309,77.0,28.0,206.0,0,OK
Furniture | Brand Z | Small | Green | Wood,Furniture,309,75.0,27.0,205.0,0,OK
Groceries | Brand X | Large | Green | Wood,Groceries,309,80.0,28.0,220.0,0,OK
Electronics | Brand X | Large | Red | Plastic,Electronics,310,74.0,28.0,196.0,0,OK
Furniture | Brand Y | Medium | Red | Metal,Furniture,310,76.0,28.0,203.0,0,OK
Electronics | Brand Y | Small | Red | Glass,Electronics,311,74.0,29.0,191.0,0,OK
Clothing | Brand X | Small | Black | Plastic,Clothing,312,80.0,30.0,212.0,0,OK
Furniture | Brand Z | Large | Blue | Plastic,Furniture,312,74.0,28.0,195.0,0,OK
Toys | Brand Y | Small | Blue | Plastic,Toys,312,76.0,27.0,207.0,0,OK
Clothing | Brand Z | Medium | White | Plastic,Clothing,313,82.0,30.0,222.0,0,OK
Furniture | Brand Y | Small | Black | Metal,Furniture,313,81.0,30.0,217.0,0,OK
Furniture | Brand Z | Small | Red | Metal,Furniture,313,76.0,29.0,201.0,0,OK
Toys | Brand X | Large | Blue | Metal,Toys,314,73.0,27.0,196.0,0,OK
Toys | Brand X | Small | Red | Wood,Toys,318,77.0,28.0,208.0,0,OK
Electronics | Brand X | Medium | Red | Metal,Electronics,319,76.0,29.0,201.0,0,OK
Groceries | Brand X | Small | Blue | Plastic,Groceries,320,76.0,29.0,201.0,0,OK
Furniture | Brand Y | Large | Green | Plastic,Furniture,321,74.0,28.0,194.0,0,OK
Groceries | Brand X | Medium | Red | Wood,Groceries,324,77.0,28.0,207.0,0,OK
Groceries | Brand X | Large | White | Metal,Groceries,326,78.0,29.0,209.0,0,OK
Furniture | Brand X | Small | White | Wood,Furniture,329,80.0,30.0,213.0,0,OK
Electronics | Brand Z | Medium | Red | Plastic,Electronics,330,76.0,28.0,205.0,0,OK
Clothing | Brand Y | Small | Blue | Glass,Clothing,331,78.0,29.0,209.0,0,OK
Clothing | Brand Z | Medium | Green | Glass,Clothing,331,77.0,28.0,207.0,0,OK
Toys | Brand X | Large | White | Glass,Toys,331,78.0,29.0,208.0,0,OK
Electronics | Brand X | Medium | Blue | Metal,Electronics,332,76.0,29.0,199.0,0,OK
Electronics | Brand Z | Large | Black | Plastic,Electronics,332,79.0,28.0,216.0,0,OK
Groceries | Brand Z | Medium | Red | Metal,Groceries,332,77.0,28.0,210.0,0,OK
Furniture | Brand X | Large | White | Glass,Furniture,336,80.0,30.0,212.0,0,OK
Clothing | Brand Z | Large | Blue | Glass,Clothing,337,80.0,29.0,218.0,0,OK
Clothing | Brand X | Large | Blue | Wood,Clothing,338,77.0,28.0,206.0,0,OK
Clothing | Brand X | Medium | Blue | Wood,Clothing,338,81.0,29.0,222.0,0,OK
Electronics | Brand X | Large | Green | Wood,Electronics,340,78.0,28.0,212.0,0,OK
Groceries | Brand Y | Large | Black | Wood,Groceries,340,77.0,28.0,206.0,0,OK
Groceries | Brand Y | Small | Black | Wood,Groceries,341,77.0,28.0,209.0,0,OK
Electronics | Brand Y | Large | Black | Metal,Electronics,343,74.0,28.0,193.0,0,OK
Groceries | Brand Y | Large | Green | Plastic,Groceries,344,81.0,30.0,218.0,0,OK
Toys | Brand Z | Medium | Red | Plastic,Toys,344,79.0,30.0,206.0,0,OK
Furniture | Brand Z | Medium | Black | Glass,Furniture,345,77.0,27.0,213.0,0,OK
Electronics | Brand Y | Medium | Blue | Plastic,Electronics,346,73.0,27.0,195.0,0,OK
Clothing | Brand Z | Large | White | Metal,Clothing,347,81.0,30.0,216.0,0,OK
Clothing | Brand X | Large | Red | Metal,Clothing,351,80.0,30.0,214.0,0,OK
Furniture | Brand Z | Small | Blue | Wood,Furniture,351,77.0,28.0,208.0,0,OK
Furniture | Brand Y | Medium | Red | Glass,Furniture,352,77.0,27.0,213.0,0,OK
Furniture | Brand Z | Small | Red | Plastic,Furniture,352,77.0,28.0,208.0,0,OK
Clothing | Brand Y | Medium | Black | Plastic,Clothing,353,75.0,27.0,205.0,0,OK
Electronics | Brand X | Medium | Black | Wood,Electronics,354,77.0,28.0,210.0,0,OK
Electronics | Brand Z | Small | Red | Plastic,Electronics,354,78.0,28.0,212.0,0,OK
Clothing | Brand Z | Small | Black | Glass,Clothing,357,78.0,29.0,206.0,0,OK
Electronics | Brand X | Medium | Green | Plastic,Electronics,357,74.0,28.0,195.0,0,OK
Groceries | Brand Y | Medium | Blue | Plastic,Groceries,357,79.0,30.0,207.0,0,OK
Electronics | Brand Z | Small | White | Wood,Electronics,358,75.0,28.0,201.0,0,OK
Groceries | Brand X | Large | White | Glass,Groceries,358,79.0,29.0,212.0,0,OK
Electronics | Brand Z | Large | Blue | Wood,Electronics,359,78.0,30.0,205.0,0,OK
Groceries | Brand Y | Large | Blue | Metal,Groceries,359,81.0,30.0,217.0,0,OK
Electronics | Brand Z | Large | White | Wood,Electronics,360,71.0,27.0,188.0,0,OK
Furniture | Brand X | Medium | White | Glass,Furniture,360,77.0,28.0,209.0,0,OK
Furniture | Brand Z | Medium | Black | Metal,Furniture,360,83.0,30.0,223.0,0,OK
Groceries | Brand Z | Medium | Blue | Glass,Groceries,361,79.0,29.0,214.0,0,OK
Toys | Brand Z | Small | Red | Metal,Toys,361,75.0,27.0,204.0,0,OK
Electronics | Brand Z | Medium | Blue | Metal,Electronics,363,76.0,28.0,203.0,0,OK
Electronics | Brand X | Medium | White | Glass,Electronics,365,73.0,28.0,192.0,0,OK
Electronics | Brand Y | Medium | White | Glass,Electronics,365,73.0,26.0,201.0,0,OK
Electronics | Brand Z | Small | White | Glass,Electronics,365,74.0,29.0,192.0,0,OK
Toys | Brand Y | Small | Green | Wood,Toys,365,80.0,29.0,218.0,0,OK
Clothing | Brand Y | Small | Blue | Wood,Clothing,366,77.0,27.0,211.0,0,OK
Furniture | Brand X | Medium | White | Wood,Furniture,366,77.0,27.0,212.0,0,OK
Furniture | Brand Y | Large | White | Metal,Furniture,366,74.0,26.0,202.0,0,OK
Furniture | Brand Z | Medium | White | Metal,Furniture,366,81.0,30.0,215.0,0,OK
Clothing | Brand X | Small | Black | Wood,Clothing,368,76.0,28.0,202.0,0,OK
Furniture | Brand Y | Large | Blue | Metal,Furniture,368,76.0,27.0,210.0,0,OK
Clothing | Brand Z | Large | Red | Glass,Clothing,369,82.0,30.0,220.0,0,OK
Electronics | Brand X | Small | Black | Metal,Electronics,369,74.0,27.0,198.0,0,OK
Electronics | Brand X | Large | White | Plastic,Electronics,370,74.0,28.0,197.0,0,OK
Electronics | Brand Z | Small | Green | Wood,Electronics,370,74.0,28.0,197.0,0,OK
Furniture | Brand Y | Small | White | Wood,Furniture,370,76.0,29.0,198.0,0,OK
Toys | Brand Z | Small | White | Glass,Toys,370,76.0,28.0,203.0,0,OK
Groceries | Brand Z | Small | Blue | Wood,Groceries,371,79.0,29.0,211.0,0,OK
Clothing | Brand Y | Small | Black | Metal,Clothing,372,78.0,28.0,212.0,0,OK
Toys | Brand Z | Large | White | Wood,Toys,372,73.0,25.0,203.0,0,OK
Electronics | Brand Y | Large | Green | Plastic,Electronics,373,78.0,29.0,209.0,0,OK
Furniture | Brand Y | Small | Green | Wood,Furniture,373,77.0,28.0,206.0,0,OK
Groceries | Brand X | Large | Green | Metal,Groceries,373,76.0,27.0,207.0,0,OK
Toys | Brand X | Large | Blue | Plastic,Toys,373,80.0,30.0,214.0,0,OK
Groceries | Brand X | Medium | Red | Glass,Groceries,374,75.0,27.0,203.0,0,OK
Furniture | Brand Y | Small | Green | Plastic,Furniture,376,78.0,27.0,216.0,0,OK
Furniture | Brand Y | Large | Black | Plastic,Furniture,377,75.0,28.0,201.0,0,OK
Toys | Brand Y | Large | Green | Glass,Toys,377,80.0,29.0,217.0,0,OK
Toys | Brand Y | Small | Blue | Glass,Toys,377,75.0,28.0,201.0,0,OK
Furniture | Brand Y | Small | Green | Metal,Furniture,378,80.0,30.0,211.0,0,OK
Toys | Brand X | Medium | Green | Glass,Toys,378,77.0,28.0,206.0,0,OK
Clothing | Brand Y | Small | Red | Wood,Clothing,379,77.0,29.0,202.0,0,OK
Electronics | Brand Y | Medium | Black | Wood,Electronics,379,78.0,29.0,208.0,0,OK
Toys | Brand Y | Large | White | Wood,Toys,379,76.0,28.0,204.0,0,OK
Toys | Brand X | Medium | White | Glass,Toys,380,76.0,27.0,206.0,0,OK
Furniture | Brand Y | Medium | Black | Glass,Furniture,381,77.0,28.0,209.0,0,OK
Toys | Brand Z | Large | Blue | Wood,Toys,381,77.0,29.0,204.0,0,OK
Electronics | Brand Y | Small | Green | Plastic,Electronics,382,75.0,27.0,204.0,0,OK
Electronics | Brand Z | Medium | Red | Glass,Electronics,382,74.0,29.0,190.0,0,OK
Groceries | Brand X | Large | Red | Glass,Groceries,382,73.0,27.0,196.0,0,OK
Furniture | Brand Y | Medium | Red | Plastic,Furniture,384,80.0,29.0,215.0,0,OK
Electronics | Brand X | Small | Blue | Glass,Electronics,385,76.0,29.0,200.0,0,OK
Groceries | Brand X | Small | White | Wood,Groceries,385,79.0,29.0,214.0,0,OK
Electronics | Brand Z | Medium | White | Glass,Electronics,386,77.0,29.0,204.0,0,OK
Furniture | Brand X | Small | White | Glass,Furniture,386,80.0,29.0,217.0,0,OK
Electronics | Brand X | Small | Green | Metal,Electronics,388,76.0,30.0,195.0,0,OK
Groceries | Brand Y | Medium | Red | Glass,Groceries,391,74.0,28.0,197.0,0,OK
Groceries | Brand Y | Small | Black | Metal,Groceries,392,76.0,28.0,205.0,0,OK
Clothing | Brand Z | Large | Blue | Plastic,Clothing,393,75.0,28.0,199.0,0,OK
Toys | Brand Z | Medium | Blue | Metal,Toys,393,77.0,28.0,208.0,0,OK
Toys | Brand X | Small | Green | Metal,Toys,394,79.0,29.0,212.0,0,OK
Clothing | Brand Z | Medium | White | Wood,Clothing,395,78.0,29.0,207.0,0,OK
Electronics | Brand Y | Large | Red | Glass,Electronics,395,76.0,28.0,203.0,0,OK
Toys | Brand Y | Medium | White | Plastic,Toys,395,77.0,28.0,206.0,0,OK
Clothing | Brand X | Large | Green | Glass,Clothing,396,77.0,28.0,207.0,0,OK
Clothing | Brand X | Small | Blue | Metal,Clothing,397,79.0,30.0,209.0,0,OK
Clothing | Brand Y | Large | Blue | Wood,Clothing,397,78.0,29.0,206.0,0,OK
Groceries | Brand X | Medium | Black | Metal,Groceries,397,79.0,29.0,214.0,0,OK
Clothing | Brand Z | Small | White | Plastic,Clothing,398,72.0,26.0,194.0,0,OK
Groceries | Brand X | Small | Blue | Metal,Groceries,399,80.0,29.0,216.0,0,OK
Toys | Brand Z | Medium | White | Wood,Toys,401,77.0,28.0,210.0,0,OK
Clothing | Brand Y | Large | Red | Metal,Clothing,402,77.0,28.0,208.0,0,OK
Toys | Brand Y | Small | Green | Metal,Toys,402,76.0,27.0,207.0,0,OK
Clothing | Brand Y | Medium | White | Metal,Clothing,403,76.0,28.0,205.0,0,OK
Clothing | Brand Y | Small | Red | Plastic,Clothing,403,74.0,27.0,198.0,0,OK
Furniture | Brand X | Large | Blue | Wood,Furniture,404,76.0,27.0,206.0,0,OK
Furniture | Brand Z | Large | Green | Plastic,Furniture,404,77.0,28.0,208.0,0,OK
Toys | Brand X | Small | Green | Wood,Toys,404,74.0,27.0,198.0,0,OK
Toys | Brand Y | Large | Blue | Wood,Toys,404,76.0,27.0,207.0,0,OK
Groceries | Brand Y | Small | Red | Wood,Groceries,405,83.0,32.0,217.0,0,OK
Clothing | Brand Y | Small | White | Metal,Clothing,406,80.0,29.0,215.0,0,OK
Toys | Brand Y | Medium | Red | Metal,Toys,407,77.0,28.0,207.0,0,OK
Clothing | Brand Y | Large | Green | Wood,Clothing,408,76.0,28.0,205.0,0,OK
Toys | Brand Y | Small | Red | Wood,Toys,408,74.0,28.0,195.0,0,OK
Clothing | Brand Y | Large | White | Glass,Clothing,409,82.0,30.0,220.0,0,OK
Furniture | Brand X | Small | Blue | Glass,Furniture,409,72.0,27.0,191.0,0,OK
Furniture | Brand Y | Medium | Blue | Wood,Furniture,409,79.0,28.0,215.0,0,OK
Toys | Brand Y | Small | Black | Metal,Toys,409,79.0,29.0,212.0,0,OK
Toys | Brand Y | Large | Red | Glass,Toys,410,74.0,26.0,205.0,0,OK
Furniture | Brand X | Large | Black | Plastic,Furniture,411,81.0,29.0,219.0,0,OK
Clothing | Brand Y | Medium | Red | Plastic,Clothing,412,79.0,28.0,217.0,0,OK
Groceries | Brand Z | Large | Green | Metal,Groceries,413,76.0,28.0,205.0,0,OK
Clothing | Brand Z | Small | Black | Metal,Clothing,415,78.0,29.0,206.0,0,OK
Electronics | Brand Z | Large | Blue | Glass,Electronics,415,76.0,30.0,197.0,0,OK
Clothing | Brand Z | Medium | Green | Wood,Clothing,416,74.0,28.0,195.0,0,OK
Electronics | Brand Y | Small | White | Wood,Electronics,416,80.0,30.0,213.0,0,OK
Clothing | Brand X | Medium | Green | Plastic,Clothing,417,77.0,28.0,208.0,0,OK
Furniture | Brand Y | Medium | Green | Wood,Furniture,417,75.0,28.0,201.0,0,OK
Clothing | Brand Z | Large | White | Wood,Clothing,420,77.0,29.0,205.0,0,OK
Clothing | Brand Z | Medium | Red | Wood,Clothing,421,78.0,29.0,208.0,0,OK
Clothing | Brand X | Large | Black | Glass,Clothing,423,78.0,29.0,206.0,0,OK
Electronics | Brand X | Large | Green | Metal,Electronics,423,80.0,29.0,215.0,0,OK
Groceries | Brand Y | Large | Red | Plastic,Groceries,424,77.0,29.0,205.0,0,OK
Groceries | Brand Z | Small | Red | Wood,Groceries,424,72.0,26.0,194.0,0,OK
Toys | Brand X | Medium | Blue | Metal,Toys,424,74.0,27.0,200.0,0,OK
Electronics | Brand Y | Large | Black | Wood,Electronics,425,73.0,28.0,192.0,0,OK
Electronics | Brand X | Medium | Red | Glass,Electronics,426,76.0,28.0,202.0,0,OK
Furniture | Brand Y | Medium | Blue | Metal,Furniture,426,78.0,28.0,211.0,0,OK
Toys | Brand Y | Large | White | Glass,Toys,426,70.0,26.0,188.0,0,OK
Groceries | Brand Y | Medium | Blue | Glass,Groceries,428,79.0,29.0,211.0,0,OK
Groceries | Brand Y | Medium | Green | Plastic,Groceries,428,75.0,27.0,204.0,0,OK
Clothing | Brand Z | Small | White | Metal,Clothing,429,80.0,30.0,214.0,0,OK
Furniture | Brand Z | Medium | Green | Metal,Furniture,429,75.0,28.0,201.0,0,OK
Electronics | Brand Y | Medium | Green | Wood,Electronics,430,76.0,29.0,199.0,0,OK
Electronics | Brand Z | Small | Blue | Glass,Electronics,430,76.0,30.0,194.0,0,OK
Furniture | Brand Z | Small | Green | Metal,Furniture,430,76.0,28.0,202.0,0,OK
Groceries | Brand X | Medium | Blue | Metal,Groceries,430,75.0,27.0,204.0,0,OK
Toys | Brand X | Medium | Blue | Plastic,Toys,431,79.0,28.0,216.0,0,OK
Clothing | Brand Z | Medium | Red | Metal,Clothing,433,76.0,27.0,206.0,0,OK
Clothing | Brand X | Medium | White | Metal,Clothing,434,79.0,28.0,215.0,0,OK
Groceries | Brand Y | Small | White | Wood,Groceries,434,78.0,29.0,207.0,0,OK
Clothing | Brand Z | Medium | White | Metal,Clothing,435,76.0,29.0,200.0,0,OK
Electronics | Brand X | Small | Green | Plastic,Electronics,437,74.0,27.0,200.0,0,OK
Electronics | Brand Z | Large | Blue | Plastic,Electronics,437,79.0,29.0,213.0,0,OK
Electronics | Brand Z | Medium | White | Wood,Electronics,437,75.0,28.0,201.0,0,OK
Electronics | Brand Z | Large | Black | Wood,Electronics,438,80.0,29.0,216.0,0,OK
Toys | Brand Z | Small | Black | Metal,Toys,438,80.0,29.0,215.0,0,OK
Clothing | Brand X | Medium | Green | Wood,Clothing,439,74.0,26.0,202.0,0,OK
Electronics | Brand Y | Medium | Blue | Wood,Electronics,439,74.0,28.0,196.0,0,OK
Electronics | Brand Z | Medium | Red | Wood,Electronics,439,77.0,29.0,203.0,0,OK
Furniture | Brand X | Small | Black | Glass,Furniture,439,72.0,26.0,195.0,0,OK
Clothing | Brand X | Small | Green | Glass,Clothing,440,77.0,29.0,203.0,0,OK
Clothing | Brand X | Medium | White | Wood,Clothing,441,74.0,26.0,203.0,0,OK
Electronics | Brand Y | Small | Red | Wood,Electronics,442,82.0,32.0,214.0,0,OK
Electronics | Brand X | Small | Green | Wood,Electronics,443,76.0,28.0,202.0,0,OK
Groceries | Brand X | Medium | Black | Wood,Groceries,443,76.0,29.0,201.0,0,OK
Toys | Brand Z | Medium | Green | Wood,Toys,444,81.0,30.0,215.0,0,OK
Clothing | Brand X | Small | Green | Metal,Clothing,445,78.0,28.0,213.0,0,OK
Electronics | Brand X | Medium | Blue | Wood,Electronics,445,75.0,28.0,200.0,0,OK
Toys | Brand X | Small | Red | Plastic,Toys,445,79.0,29.0,214.0,0,OK
Electronics | Brand X | Large | Blue | Glass,Electronics,448,78.0,28.0,211.0,0,OK
Toys | Brand Y | Large | White | Metal,Toys,448,81.0,29.0,220.0,0,OK
Groceries | Brand Y | Large | Red | Glass,Groceries,449,76.0,28.0,204.0,0,OK
Toys | Brand Z | Small | White | Wood,Toys,449,78.0,29.0,207.0,0,OK
Toys | Brand X | Large | Black | Metal,Toys,450,81.0,30.0,215.0,0,OK
Electronics | Brand Y | Small | Red | Metal,Electronics,451,78.0,29.0,208.0,0,OK
Furniture | Brand Z | Large | Green | Wood,Furniture,451,72.0,26.0,197.0,0,OK
Groceries | Brand Z | Large | Black | Plastic,Groceries,451,75.0,28.0,198.0,0,OK
Groceries | Brand Z | Medium | Red | Wood,Groceries,452,80.0,28.0,219.0,0,OK
Electronics | Brand Y | Large | Red | Metal,Electronics,454,72.0,27.0,190.0,0,OK
Groceries | Brand Z | Medium | Blue | Metal,Groceries,454,80.0,29.0,216.0,0,OK
Toys | Brand Y | Large | Blue | Plastic,Toys,455,73.0,27.0,195.0,0,OK
Electronics | Brand X | Large | Blue | Wood,Electronics,456,73.0,27.0,196.0,0,OK
Electronics | Brand X | Medium | Black | Glass,Electronics,457,75.0,27.0,205.0,0,OK
Electronics | Brand Y | Small | Red | Plastic,Electronics,457,77.0,28.0,209.0,0,OK
Furniture | Brand Y | Small | Red | Plastic,Furniture,457,83.0,30.0,226.0,0,OK
Clothing | Brand Y | Large | White | Plastic,Clothing,459,73.0,26.0,200.0,0,OK
Furniture | Brand X | Small | Red | Glass,Furniture,459,75.0,27.0,205.0,0,OK
Furniture | Brand Z | Medium | Red | Wood,Furniture,459,78.0,29.0,210.0,0,OK
Toys | Brand X | Medium | Black | Metal,Toys,459,79.0,29.0,211.0,0,OK
Clothing | Brand X | Large | Red | Glass,Clothing,460,78.0,27.0,215.0,0,OK
Clothing | Brand X | Large | White | Metal,Clothing,460,76.0,28.0,203.0,0,OK
Clothing | Brand Y | Small | Green | Glass,Clothing,460,81.0,30.0,217.0,0,OK
Electronics | Brand Z | Large | Black | Glass,Electronics,460,75.0,29.0,197.0,0,OK
Toys | Brand Z | Small | White | Plastic,Toys,460,76.0,28.0,202.0,0,OK
Furniture | Brand X | Medium | Black | Plastic,Furniture,461,73.0,27.0,195.0,0,OK
Groceries | Brand X | Large | Black | Wood,Groceries,461,77.0,28.0,208.0,0,OK
Clothing | Brand X | Large | Green | Plastic,Clothing,462,77.0,28.0,206.0,0,OK
Clothing | Brand Y | Medium | Red | Wood,Clothing,462,81.0,29.0,220.0,0,OK
Toys | Brand Y | Medium | Blue | Metal,Toys,462,80.0,30.0,213.0,0,OK
Clothing | Brand X | Small | Blue | Wood,Clothing,463,77.0,28.0,206.0,0,OK
Toys | Brand X | Small | Green | Glass,Toys,463,78.0,29.0,209.0,0,OK
Clothing | Brand Y | Small | Green | Metal,Clothing,464,72.0,27.0,192.0,0,OK
Toys | Brand X | Small | White | Plastic,Toys,464,80.0,31.0,207.0,0,OK
Electronics | Brand Y | Small | Black | Metal,Electronics,465,77.0,28.0,206.0,0,OK
Groceries | Brand Y | Large | Black | Glass,Groceries,465,81.0,30.0,218.0,0,OK
Clothing | Brand Y | Small | Black | Plastic,Clothing,466,76.0,29.0,198.0,0,OK
Electronics | Brand Z | Small | Blue | Metal,Electronics,466,79.0,30.0,208.0,0,OK
Groceries | Brand Y | Medium | Black | Glass,Groceries,466,74.0,28.0,195.0,0,OK
Clothing | Brand X | Small | White | Plastic,Clothing,467,77.0,29.0,204.0,0,OK
Clothing | Brand Z | Small | White | Glass,Clothing,467,79.0,29.0,214.0,0,OK
Furniture | Brand Z | Medium | White | Wood,Furniture,468,76.0,29.0,201.0,0,OK
Toys | Brand X | Large | White | Plastic,Toys,468,74.0,28.0,197.0,0,OK
Toys | Brand X | Small | Black | Glass,Toys,468,73.0,27.0,197.0,0,OK
Furniture | Brand Z | Large | White | Glass,Furniture,469,77.0,27.0,213.0,0,OK
Toys | Brand X | Medium | Blue | Wood,Toys,469,77.0,28.0,210.0,0,OK
Groceries | Brand X | Medium | Red | Plastic,Groceries,471,77.0,28.0,210.0,0,OK
Clothing | Brand Z | Medium | Blue | Glass,Clothing,472,76.0,28.0,202.0,0,OK
Groceries | Brand Z | Small | Blue | Metal,Groceries,472,77.0,29.0,205.0,0,OK
Clothing | Brand Z | Medium | Blue | Metal,Clothing,473,79.0,29.0,213.0,0,OK
Furniture | Brand Y | Medium | Green | Glass,Furniture,473,79.0,29.0,211.0,0,OK
Toys | Brand X | Large | White | Wood,Toys,473,76.0,29.0,199.0,0,OK
Toys | Brand X | Small | Blue | Glass,Toys,474,79.0,30.0,210.0,0,OK
Groceries | Brand Z | Medium | Black | Wood,Groceries,475,78.0,28.0,214.0,0,OK
Electronics | Brand Y | Medium | Blue | Metal,Electronics,476,78.0,29.0,209.0,0,OK
Toys | Brand Z | Small | Blue | Glass,Toys,476,78.0,29.0,209.0,0,OK
Furniture | Brand Y | Medium | Green | Plastic,Furniture,477,77.0,29.0,204.0,0,OK
Clothing | Brand Z | Medium | Red | Plastic,Clothing,478,81.0,30.0,215.0,0,OK
Groceries | Brand Z | Medium | Green | Glass,Groceries,479,80.0,30.0,214.0,0,OK
Furniture | Brand Z | Medium | Green | Wood,Furniture,480,77.0,27.0,211.0,0,OK
Clothing | Brand X | Small | White | Glass,Clothing,481,74.0,28.0,194.0,0,OK
Electronics | Brand X | Medium | White | Wood,Electronics,481,75.0,28.0,198.0,0,OK
Furniture | Brand Z | Medium | Blue | Metal,Furniture,481,77.0,28.0,206.0,0,OK
Toys | Brand Y | Large | Blue | Metal,Toys,481,79.0,30.0,209.0,0,OK
Electronics | Brand Z | Small | Red | Glass,Electronics,482,72.0,27.0,191.0,0,OK
Furniture | Brand Z | Large | White | Wood,Furniture,482,76.0,27.0,206.0,0,OK
Toys | Brand X | Large | Green | Glass,Toys,484,76.0,28.0,203.0,0,OK
Toys | Brand Z | Small | Blue | Plastic,Toys,484,77.0,30.0,201.0,0,OK
Electronics | Brand X | Large | Red | Metal,Electronics,485,80.0,29.0,216.0,0,OK
Groceries | Brand Y | Medium | White | Metal,Groceries,485,77.0,28.0,209.0,0,OK
Toys | Brand X | Medium | Black | Glass,Toys,485,78.0,28.0,212.0,0,OK
Toys | Brand Z | Large | Green | Wood,Toys,485,81.0,30.0,215.0,0,OK
Electronics | Brand Y | Small | Black | Wood,Electronics,486,77.0,28.0,207.0,0,OK
Electronics | Brand Y | Small | Blue | Wood,Electronics,486,77.0,27.0,212.0,0,OK
Furniture | Brand X | Large | White | Metal,Furniture,486,78.0,28.0,214.0,0,OK
Furniture | Brand X | Medium | Black | Metal,Furniture,486,79.0,30.0,208.0,0,OK
Furniture | Brand Z | Medium | White | Glass,Furniture,486,75.0,27.0,203.0,0,OK
Furniture | Brand Y | Large | Red | Metal,Furniture,487,78.0,29.0,206.0,0,OK
Toys | Brand Z | Small | Red | Glass,Toys,488,75.0,28.0,199.0,0,OK
Clothing | Brand Z | Large | Green | Plastic,Clothing,489,79.0,30.0,209.0,0,OK
Electronics | Brand Z | Large | Red | Wood,Electronics,489,76.0,29.0,200.0,0,OK
Furniture | Brand X | Large | Blue | Metal,Furniture,489,78.0,29.0,206.0,0,OK
Electronics | Brand Y | Large | Blue | Glass,Electronics,491,76.0,29.0,201.0,0,OK
Electronics | Brand X | Large | Black | Glass,Electronics,492,75.0,28.0,198.0,0,OK
Toys | Brand Z | Medium | White | Metal,Toys,492,75.0,29.0,195.0,0,OK
Clothing | Brand Z | Medium | Black | Wood,Clothing,493,73.0,26.0,201.0,0,OK
Electronics | Brand X | Large | Red | Glass,Electronics,493,77.0,28.0,207.0,0,OK
Electronics | Brand X | Small | Red | Plastic,Electronics,494,81.0,30.0,216.0,0,OK
Electronics | Brand Y | Small | Blue | Metal,Electronics,494,73.0,27.0,196.0,0,OK
Groceries | Brand Y | Large | Blue | Wood,Groceries,495,76.0,28.0,205.0,0,OK
Electronics | Brand X | Large | Blue | Plastic,Electronics,496,75.0,29.0,193.0,0,OK
Electronics | Brand Y | Medium | Green | Glass,Electronics,496,74.0,27.0,199.0,0,OK
Furniture | Brand Y | Medium | Red | Wood,Furniture,496,79.0,29.0,211.0,0,OK
Clothing | Brand X | Medium | Red | Wood,Clothing,498,79.0,30.0,209.0,0,OK
Electronics | Brand Z | Medium | Black | Plastic,Electronics,498,76.0,28.0,202.0,0,OK
Furniture | Brand Z | Large | Black | Wood,Furniture,498,81.0,30.0,218.0,0,OK
Groceries | Brand Y | Large | White | Wood,Groceries,498,77.0,27.0,214.0,0,OK
Electronics | Brand Z | Small | Black | Glass,Electronics,499,76.0,27.0,207.0,0,OK
Groceries | Brand X | Large | Blue | Plastic,Groceries,499,76.0,28.0,203.0,0,OK
Clothing | Brand X | Medium | Black | Plastic,Clothing,500,77.0,29.0,204.0,0,OK
Toys | Brand Z | Large | White | Glass,Toys,500,78.0,29.0,208.0,0,OK
Furniture | Brand Z | Large | Red | Plastic,Furniture,501,78.0,28.0,213.0,0,OK
Groceries | Brand X | Large | Black | Glass,Groceries,501,79.0,28.0,215.0,0,OK
Groceries | Brand X | Medium | White | Plastic,Groceries,501,81.0,29.0,222.0,0,OK
Groceries | Brand Z | Medium | Black | Glass,Groceries,502,76.0,29.0,199.0,0,OK
Clothing | Brand Y | Medium | White | Wood,Clothing,503,78.0,29.0,209.0,0,OK
Electronics | Brand X | Small | Red | Metal,Electronics,503,74.0,28.0,193.0,0,OK
Furniture | Brand X | Medium | Black | Wood,Furniture,503,76.0,28.0,202.0,0,OK
Toys | Brand Z | Large | White | Plastic,Toys,504,76.0,28.0,204.0,0,OK
Groceries | Brand X | Small | Red | Metal,Groceries,505,73.0,26.0,200.0,0,OK
Furniture | Brand Z | Medium | Red | Plastic,Furniture,507,79.0,29.0,212.0,0,OK
Toys | Brand Y | Medium | White | Metal,Toys,507,76.0,30.0,197.0,0,OK
Toys | Brand Y | Small | Black | Wood,Toys,509,76.0,28.0,202.0,0,OK
Toys | Brand Y | Large | Blue | Glass,Toys,510,77.0,27.0,213.0,0,OK
Clothing | Brand Z | Small | Blue | Plastic,Clothing,511,73.0,27.0,197.0,0,OK
Toys | Brand Y | Medium | Blue | Wood,Toys,511,78.0,29.0,209.0,0,OK
Clothing | Brand X | Medium | Green | Glass,Clothing,512,79.0,30.0,210.0,0,OK
Electronics | Brand Z | Medium | Green | Wood,Electronics,512,76.0,28.0,202.0,0,OK
Furniture | Brand X | Large | Black | Glass,Furniture,512,77.0,28.0,208.0,0,OK
Toys | Brand X | Large | Green | Metal,Toys,512,76.0,28.0,203.0,0,OK
Clothing | Brand X | Large | Black | Plastic,Clothing,513,81.0,29.0,219.0,0,OK
Clothing | Brand X | Small | Red | Plastic,Clothing,513,80.0,30.0,214.0,0,OK
Electronics | Brand Z | Large | Black | Metal,Electronics,513,73.0,28.0,192.0,0,OK
Electronics | Brand Z | Large | White | Plastic,Electronics,513,77.0,28.0,207.0,0,OK
Groceries | Brand Z | Small | Black | Wood,Groceries,513,76.0,28.0,203.0,0,OK
Toys | Brand Z | Medium | Green | Metal,Toys,513,82.0,29.0,224.0,0,OK
Furniture | Brand Y | Large | Red | Wood,Furniture,514,80.0,28.0,221.0,0,OK
Furniture | Brand Z | Small | White | Plastic,Furniture,515,76.0,28.0,205.0,0,OK
Electronics | Brand Y | Large | Blue | Plastic,Electronics,517,74.0,27.0,198.0,0,OK
Furniture | Brand X | Large | Red | Wood,Furniture,517,79.0,28.0,216.0,0,OK
Electronics | Brand Y | Small | Blue | Plastic,Electronics,518,76.0,29.0,201.0,0,OK
Furniture | Brand Y | Large | White | Plastic,Furniture,518,80.0,29.0,217.0,0,OK
Toys | Brand X | Small | Red | Metal,Toys,518,77.0,29.0,204.0,0,OK
Electronics | Brand X | Small | Red | Glass,Electronics,519,77.0,28.0,208.0,0,OK
Furniture | Brand Z | Small | Black | Wood,Furniture,519,81.0,30.0,215.0,0,OK
Groceries | Brand Y | Small | Red | Plastic,Groceries,519,72.0,26.0,197.0,0,OK
Electronics | Brand Z | Medium | Red | Metal,Electronics,520,72.0,27.0,189.0,0,OK
Furniture | Brand Y | Small | Red | Metal,Furniture,520,76.0,28.0,203.0,0,OK
Toys | Brand X | Medium | Red | Wood,Toys,521,76.0,29.0,201.0,0,OK
Electronics | Brand Z | Small | Green | Plastic,Electronics,522,78.0,29.0,206.0,0,OK
Toys | Brand X | Large | Black | Wood,Toys,523,80.0,29.0,217.0,0,OK
Toys | Brand Y | Large | Green | Plastic,Toys,525,82.0,30.0,219.0,0,OK
Toys | Brand Z | Small | Blue | Wood,Toys,525,81.0,29.0,222.0,0,OK
Clothing | Brand Z | Small | White | Wood,Clothing,526,77.0,28.0,210.0,0,OK
Clothing | Brand Y | Medium | Red | Glass,Clothing,527,76.0,26.0,212.0,0,OK
Electronics | Brand Z | Small | Black | Metal,Electronics,528,72.0,27.0,190.0,0,OK
Furniture | Brand X | Small | Red | Metal,Furniture,528,76.0,28.0,204.0,0,OK
Furniture | Brand Y | Large | Green | Wood,Furniture,528,79.0,29.0,211.0,0,OK
Toys | Brand Y | Medium | Green | Glass,Toys,528,78.0,29.0,208.0,0,OK
Furniture | Brand X | Small | Red | Wood,Furniture,529,74.0,27.0,201.0,0,OK
Furniture | Brand Y | Medium | Green | Metal,Furniture,529,77.0,28.0,210.0,0,OK
Groceries | Brand X | Small | Green | Plastic,Groceries,529,81.0,29.0,219.0,0,OK
Toys | Brand Y | Medium | Green | Plastic,Toys,529,81.0,31.0,214.0,0,OK
Clothing | Brand Y | Large | Green | Glass,Clothing,530,75.0,27.0,203.0,0,OK
Groceries | Brand Z | Small | Green | Plastic,Groceries,530,76.0,28.0,202.0,0,OK
Electronics | Brand Z | Small | Black | Wood,Electronics,531,73.0,26.0,198.0,0,OK
Furniture | Brand X | Large | Green | Plastic,Furniture,531,79.0,28.0,218.0,0,OK
Toys | Brand Z | Medium | Red | Glass,Toys,531,79.0,29.0,212.0,0,OK
Clothing | Brand Z | Small | Black | Wood,Clothing,532,76.0,28.0,204.0,0,OK
Electronics | Brand X | Large | White | Wood,Electronics,532,70.0,26.0,187.0,0,OK
Toys | Brand Z | Medium | Black | Wood,Toys,532,82.0,30.0,219.0,0,OK
Furniture | Brand X | Medium | Red | Wood,Furniture,533,76.0,28.0,202.0,0,OK
Furniture | Brand Z | Large | White | Metal,Furniture,533,78.0,28.0,214.0,0,OK
Furniture | Brand X | Large | Red | Metal,Furniture,534,76.0,27.0,208.0,0,OK
Furniture | Brand X | Medium | Red | Plastic,Furniture,534,82.0,30.0,221.0,0,OK
Furniture | Brand X | Small | Blue | Wood,Furniture,534,76.0,28.0,202.0,0,OK
Groceries | Brand Z | Large | Red | Wood,Groceries,534,78.0,28.0,211.0,0,OK
Clothing | Brand X | Large | Blue | Metal,Clothing,535,80.0,29.0,216.0,0,OK
Groceries | Brand X | Large | White | Wood,Groceries,535,77.0,28.0,206.0,0,OK
Toys | Brand X | Small | Blue | Plastic,Toys,535,76.0,29.0,201.0,0,OK
Groceries | Brand Z | Large | Blue | Glass,Groceries,536,74.0,26.0,205.0,0,OK
Groceries | Brand Z | Medium | Blue | Wood,Groceries,536,77.0,28.0,208.0,0,OK
Furniture | Brand Y | Small | Blue | Plastic,Furniture,538,83.0,31.0,219.0,0,OK
Toys | Brand Z | Large | Red | Plastic,Toys,538,77.0,29.0,205.0,0,OK
Groceries | Brand X | Small | Black | Plastic,Groceries,539,76.0,28.0,202.0,0,OK
Toys | Brand Z | Small | Green | Glass,Toys,540,73.0,27.0,194.0,0,OK
Clothing | Brand X | Medium | Black | Metal,Clothing,541,77.0,28.0,210.0,0,OK
Furniture | Brand Y | Small | Black | Plastic,Furniture,541,78.0,29.0,206.0,0,OK
Clothing | Brand X | Medium | Blue | Plastic,Clothing,542,81.0,30.0,215.0,0,OK
Clothing | Brand Y | Small | White | Glass,Clothing,542,74.0,28.0,197.0,0,OK
Clothing | Brand Z | Medium | Black | Glass,Clothing,542,78.0,28.0,213.0,0,OK
Furniture | Brand Z | Large | Red | Wood,Furniture,542,77.0,28.0,208.0,0,OK
Groceries | Brand X | Medium | Green | Plastic,Groceries,542,74.0,27.0,200.0,0,OK
Electronics | Brand Y | Small | Green | Glass,Electronics,543,75.0,27.0,205.0,0,OK
Clothing | Brand Z | Large | Black | Glass,Clothing,544,77.0,28.0,209.0,0,OK
Furniture | Brand Z | Small | White | Wood,Furniture,544,79.0,28.0,216.0,0,OK
Furniture | Brand X | Large | Black | Metal,Furniture,545,76.0,27.0,210.0,0,OK
Clothing | Brand X | Small | Blue | Glass,Clothing,546,78.0,29.0,209.0,0,OK
Furniture | Brand X | Medium | Green | Plastic,Furniture,546,82.0,30.0,222.0,0,OK
Furniture | Brand Y | Small | Red | Wood,Furniture,546,79.0,28.0,216.0,0,OK
Furniture | Brand Z | Small | Red | Glass,Furniture,546,76.0,27.0,206.0,0,OK
Toys | Brand Z | Medium | Red | Metal,Toys,546,78.0,28.0,213.0,0,OK
Clothing | Brand X | Medium | Red | Glass,Clothing,547,76.0,28.0,202.0,0,OK
Furniture | Brand Y | Large | Blue | Wood,Furniture,547,78.0,29.0,208.0,0,OK
Electronics | Brand Y | Medium | Red | Plastic,Electronics,548,77.0,28.0,208.0,0,OK
Furniture | Brand Y | Large | White | Wood,Furniture,548,79.0,29.0,214.0,0,OK
Electronics | Brand Y | Small | Blue | Glass,Electronics,549,73.0,27.0,195.0,0,OK
Groceries | Brand Z | Large | Black | Wood,Groceries,549,77.0,29.0,202.0,0,OK
Clothing | Brand Z | Small | Red | Plastic,Clothing,552,79.0,28.0,218.0,0,OK
Toys | Brand X | Small | White | Metal,Toys,553,77.0,28.0,207.0,0,OK
Clothing | Brand Y | Small | Green | Plastic,Clothing,555,74.0,27.0,198.0,0,OK
Toys | Brand Z | Large | Red | Glass,Toys,556,78.0,29.0,208.0,0,OK
Furniture | Brand Y | Large | Red | Glass,Furniture,557,81.0,29.0,219.0,0,OK
Groceries | Brand Z | Small | Red | Glass,Groceries,557,73.0,27.0,196.0,0,OK
Toys | Brand X | Medium | Red | Metal,Toys,557,77.0,29.0,204.0,0,OK
Groceries | Brand Y | Medium | Black | Wood,Groceries,560,77.0,28.0,207.0,0,OK
Groceries | Brand Z | Small | White | Metal,Groceries,560,78.0,29.0,209.0,0,OK
Toys | Brand Y | Medium | Red | Plastic,Toys,560,80.0,29.0,215.0,0,OK
Clothing | Brand Z | Large | Green | Metal,Clothing,561,74.0,28.0,196.0,0,OK
Electronics | Brand X | Small | White | Metal,Electronics,561,75.0,29.0,197.0,0,OK
Electronics | Brand Z | Large | White | Metal,Electronics,561,79.0,28.0,217.0,0,OK
Toys | Brand Z | Small | Black | Wood,Toys,561,74.0,28.0,195.0,0,OK
Clothing | Brand X | Medium | White | Plastic,Clothing,562,80.0,29.0,215.0,0,OK
Furniture | Brand X | Large | Blue | Plastic,Furniture,563,81.0,30.0,215.0,0,OK
Groceries | Brand Z | Small | White | Glass,Groceries,563,75.0,28.0,200.0,0,OK
Toys | Brand X | Small | Black | Wood,Toys,563,73.0,27.0,195.0,0,OK
Clothing | Brand Y | Small | Black | Glass,Clothing,565,76.0,29.0,199.0,0,OK
Groceries | Brand Z | Small | White | Plastic,Groceries,565,73.0,27.0,195.0,0,OK
Groceries | Brand X | Small | White | Plastic,Groceries,567,77.0,27.0,212.0,0,OK
Furniture | Brand X | Small | White | Metal,Furniture,568,77.0,28.0,209.0,0,OK
Clothing | Brand Z | Medium | Green | Plastic,Clothing,569,73.0,27.0,197.0,0,OK
Furniture | Brand Z | Large | Green | Metal,Furniture,569,78.0,29.0,206.0,0,OK
Electronics | Brand X | Small | Blue | Wood,Electronics,570,76.0,29.0,201.0,0,OK
Electronics | Brand Z | Small | Green | Glass,Electronics,571,75.0,27.0,203.0,0,OK
Groceries | Brand Z | Large | Red | Metal,Groceries,571,74.0,27.0,199.0,0,OK
Groceries | Brand Z | Medium | Red | Glass,Groceries,572,73.0,27.0,196.0,0,OK
Clothing | Brand Z | Large | Black | Metal,Clothing,573,78.0,28.0,212.0,0,OK
Electronics | Brand Y | Medium | White | Wood,Electronics,573,72.0,27.0,191.0,0,OK
Clothing | Brand Z | Small | Blue | Glass,Clothing,574,74.0,27.0,201.0,0,OK
Toys | Brand Z | Small | Red | Wood,Toys,574,79.0,29.0,211.0,0,OK
Furniture | Brand Y | Small | Blue | Glass,Furniture,575,76.0,28.0,203.0,0,OK
Groceries | Brand X | Small | White | Glass,Groceries,575,78.0,29.0,209.0,0,OK
Groceries | Brand Y | Medium | Green | Glass,Groceries,575,78.0,29.0,208.0,0,OK
Furniture | Brand X | Large | White | Plastic,Furniture,576,78.0,28.0,213.0,0,OK
Groceries | Brand Y | Medium | Red | Wood,Groceries,577,78.0,28.0,214.0,0,OK
Clothing | Brand Y | Medium | Black | Wood,Clothing,578,78.0,29.0,210.0,0,OK
Electronics | Brand X | Small | Black | Glass,Electronics,578,77.0,28.0,206.0,0,OK
Furniture | Brand X | Medium | Blue | Metal,Furniture,579,77.0,29.0,204.0,0,OK
Toys | Brand Z | Medium | White | Glass,Toys,579,77.0,29.0,202.0,0,OK
Clothing | Brand Y | Medium | Green | Plastic,Clothing,580,75.0,27.0,204.0,0,OK
Electronics | Brand Z | Medium | Blue | Plastic,Electronics,580,79.0,30.0,210.0,0,OK
Toys | Brand X | Small | Black | Plastic,Toys,580,79.0,30.0,207.0,0,OK
Electronics | Brand X | Medium | Blue | Plastic,Electronics,582,78.0,29.0,207.0,0,OK
Furniture | Brand X | Small | Blue | Plastic,Furniture,582,74.0,26.0,202.0,0,OK
Toys | Brand Y | Small | Red | Metal,Toys,582,76.0,28.0,203.0,0,OK
Clothing | Brand Z | Large | Green | Wood,Clothing,583,80.0,28.0,220.0,0,OK
Electronics | Brand X | Small | Red | Wood,Electronics,583,74.0,28.0,197.0,0,OK
Clothing | Brand Y | Small | Green | Wood,Clothing,584,77.0,27.0,213.0,0,OK
Furniture | Brand Y | Large | Black | Wood,Furniture,584,78.0,30.0,202.0,0,OK
Furniture | Brand Y | Small | Green | Glass,Furniture,584,75.0,27.0,203.0,0,OK
Groceries | Brand Z | Large | Green | Wood,Groceries,584,79.0,29.0,214.0,0,OK
Clothing | Brand X | Large | Black | Metal,Clothing,585,75.0,27.0,204.0,0,OK
Electronics | Brand X | Small | White | Plastic,Electronics,585,75.0,27.0,203.0,0,OK
Groceries | Brand Z | Small | Green | Glass,Groceries,585,75.0,27.0,202.0,0,OK
Clothing | Brand X | Medium | Green | Metal,Clothing,586,78.0,28.0,214.0,0,OK
Furniture | Brand Z | Large | Red | Glass,Furniture,586,76.0,27.0,206.0,0,OK
Toys | Brand Z | Medium | Blue | Wood,Toys,586,76.0,28.0,202.0,0,OK
Toys | Brand Y | Medium | Green | Metal,Toys,587,74.0,27.0,200.0,0,OK
Furniture | Brand X | Medium | Green | Metal,Furniture,588,75.0,27.0,202.0,0,OK
Toys | Brand X | Medium | Green | Plastic,Toys,588,79.0,30.0,210.0,0,OK
Toys | Brand Z | Small | Green | Wood,Toys,588,76.0,27.0,207.0,0,OK
Groceries | Brand X | Small | Red | Plastic,Groceries,591,73.0,27.0,197.0,0,OK
Toys | Brand Y | Medium | Red | Glass,Toys,592,74.0,27.0,200.0,0,OK
Furniture | Brand Y | Medium | White | Metal,Furniture,593,77.0,28.0,210.0,0,OK
Clothing | Brand Y | Large | White | Metal,Clothing,594,78.0,28.0,213.0,0,OK
Electronics | Brand X | Medium | Red | Wood,Electronics,594,79.0,29.0,212.0,0,OK
Toys | Brand X | Small | Blue | Metal,Toys,595,78.0,28.0,211.0,0,OK
Clothing | Brand X | Medium | Blue | Metal,Clothing,596,77.0,28.0,210.0,0,OK
Electronics | Brand Z | Medium | Blue | Wood,Electronics,596,78.0,29.0,208.0,0,OK
Toys | Brand Y | Small | Red | Plastic,Toys,597,80.0,29.0,215.0,0,OK
Toys | Brand Z | Medium | Blue | Plastic,Toys,597,83.0,30.0,223.0,0,OK
Furniture | Brand X | Medium | White | Metal,Furniture,598,77.0,29.0,205.0,0,OK
Toys | Brand Y | Medium | Black | Plastic,Toys,598,78.0,29.0,210.0,0,OK
Clothing | Brand Y | Medium | Blue | Glass,Clothing,600,82.0,30.0,219.0,0,OK
Clothing | Brand X | Large | White | Glass,Clothing,601,75.0,26.0,210.0,0,OK
Electronics | Brand Z | Small | Black | Plastic,Electronics,601,78.0,30.0,203.0,0,OK
Groceries | Brand Y | Large | White | Metal,Groceries,602,78.0,29.0,208.0,0,OK
Clothing | Brand Y | Medium | Blue | Plastic,Clothing,603,79.0,29.0,214.0,0,OK
Furniture | Brand Z | Medium | Blue | Wood,Furniture,603,78.0,29.0,207.0,0,OK
Furniture | Brand Z | Small | Red | Wood,Furniture,604,77.0,29.0,202.0,0,OK
Toys | Brand Z | Medium | Black | Glass,Toys,604,79.0,29.0,213.0,0,OK
Clothing | Brand Z | Small | Red | Metal,Clothing,605,75.0,27.0,204.0,0,OK
Electronics | Brand Z | Small | White | Plastic,Electronics,605,76.0,28.0,205.0,0,OK
Groceries | Brand X | Large | Blue | Glass,Groceries,605,78.0,29.0,209.0,0,OK
Toys | Brand Z | Large | Blue | Metal,Toys,605,77.0,28.0,208.0,0,OK
Groceries | Brand Z | Large | Green | Glass,Groceries,607,78.0,29.0,210.0,0,OK
Furniture | Brand Y | Medium | Blue | Plastic,Furniture,608,76.0,28.0,205.0,0,OK
Toys | Brand Z | Small | Black | Glass,Toys,610,75.0,27.0,203.0,0,OK
Clothing | Brand X | Large | Red | Plastic,Clothing,612,77.0,29.0,205.0,0,OK
Toys | Brand Y | Small | White | Wood,Toys,613,77.0,28.0,206.0,0,OK
Furniture | Brand X | Small | Red | Plastic,Furniture,614,77.0,28.0,206.0,0,OK
Groceries | Brand Y | Medium | White | Plastic,Groceries,614,77.0,29.0,204.0,0,OK
Groceries | Brand Z | Medium | Black | Metal,Groceries,614,79.0,28.0,215.0,0,OK
Clothing | Brand X | Small | Black | Glass,Clothing,615,77.0,29.0,204.0,0,OK
Groceries | Brand X | Large | Blue | Metal,Groceries,616,79.0,29.0,211.0,0,OK
Toys | Brand X | Large | Black | Glass,Toys,616,79.0,29.0,214.0,0,OK
Electronics | Brand Y | Small | Black | Plastic,Electronics,617,75.0,27.0,203.0,0,OK
Groceries | Brand Y | Medium | Green | Wood,Groceries,617,87.0,31.0,237.0,0,OK
Furniture | Brand Y | Large | Blue | Plastic,Furniture,618,73.0,28.0,192.0,0,OK
Groceries | Brand X | Large | Red | Metal,Groceries,618,77.0,29.0,205.0,0,OK
Groceries | Brand Y | Small | White | Plastic,Groceries,618,79.0,29.0,214.0,0,OK
Furniture | Brand X | Small | Black | Plastic,Furniture,619,80.0,29.0,215.0,0,OK
Clothing | Brand Y | Medium | Green | Metal,Clothing,620,76.0,28.0,202.0,0,OK
Groceries | Brand Z | Medium | Green | Metal,Groceries,620,79.0,29.0,213.0,0,OK
Electronics | Brand X | Medium | Black | Plastic,Electronics,621,75.0,28.0,200.0,0,OK
Electronics | Brand Y | Large | Green | Glass,Electronics,621,70.0,27.0,184.0,0,OK
Furniture | Brand X | Small | Black | Wood,Furniture,621,80.0,29.0,215.0,0,OK
Toys | Brand Y | Medium | Red | Wood,Toys,621,75.0,28.0,200.0,0,OK
Groceries | Brand Y | Medium | Green | Metal,Groceries,623,77.0,29.0,203.0,0,OK
Clothing | Brand Z | Small | Green | Metal,Clothing,624,74.0,26.0,203.0,0,OK
Electronics | Brand X | Small | Blue | Plastic,Electronics,624,75.0,28.0,199.0,0,OK
Furniture | Brand Z | Small | Black | Metal,Furniture,625,79.0,28.0,215.0,0,OK
Groceries | Brand Z | Large | Black | Metal,Groceries,625,82.0,30.0,221.0,0,OK
Groceries | Brand X | Small | Green | Wood,Groceries,627,81.0,30.0,217.0,0,OK
Toys | Brand Y | Medium | Green | Wood,Toys,627,81.0,30.0,216.0,0,OK
Furniture | Brand X | Large | Red | Plastic,Furniture,628,77.0,27.0,214.0,0,OK
Groceries | Brand Z | Small | Red | Metal,Groceries,628,77.0,29.0,203.0,0,OK
Electronics | Brand Y | Medium | Black | Glass,Electronics,629,78.0,29.0,208.0,0,OK
Electronics | Brand Y | Medium | Black | Metal,Electronics,629,74.0,28.0,197.0,0,OK
Electronics | Brand Y | Medium | Black | Plastic,Electronics,630,76.0,28.0,205.0,0,OK
Electronics | Brand Z | Medium | White | Plastic,Electronics,630,75.0,29.0,194.0,0,OK
Clothing | Brand Y | Large | Green | Metal,Clothing,631,78.0,29.0,206.0,0,OK
Toys | Brand X | Medium | White | Wood,Toys,631,77.0,28.0,209.0,0,OK
Groceries | Brand X | Small | Red | Glass,Groceries,632,85.0,31.0,231.0,0,OK
Groceries | Brand Z | Large | Blue | Plastic,Groceries,632,77.0,28.0,207.0,0,OK
Clothing | Brand Z | Large | Blue | Wood,Clothing,633,78.0,28.0,211.0,0,OK
Electronics | Brand Y | Medium | Red | Metal,Electronics,633,77.0,29.0,202.0,0,OK
Furniture | Brand Z | Large | White | Plastic,Furniture,633,76.0,27.0,208.0,0,OK
Clothing | Brand Y | Large | Red | Glass,Clothing,634,77.0,29.0,204.0,0,OK
Clothing | Brand Y | Medium | Blue | Metal,Clothing,634,78.0,28.0,213.0,0,OK
Electronics | Brand Y | Small | White | Metal,Electronics,634,76.0,28.0,202.0,0,OK
Toys | Brand Z | Large | Red | Metal,Toys,634,79.0,30.0,208.0,0,OK
Furniture | Brand X | Medium | Black | Glass,Furniture,635,76.0,28.0,205.0,0,OK
Toys | Brand Z | Small | Red | Plastic,Toys,635,79.0,29.0,211.0,0,OK
Furniture | Brand Z | Large | Red | Metal,Furniture,636,76.0,28.0,203.0,0,OK
Toys | Brand Y | Small | Blue | Wood,Toys,636,79.0,30.0,207.0,0,OK
Clothing | Brand Z | Medium | Blue | Wood,Clothing,637,77.0,29.0,205.0,0,OK
Electronics | Brand Y | Medium | Green | Plastic,Electronics,637,77.0,29.0,205.0,0,OK
Electronics | Brand Z | Small | Blue | Wood,Electronics,637,76.0,28.0,203.0,0,OK
Groceries | Brand X | Medium | Green | Wood,Groceries,639,77.0,28.0,210.0,0,OK
Groceries | Brand X | Small | White | Metal,Groceries,639,78.0,28.0,214.0,0,OK
Electronics | Brand Y | Medium | Green | Metal,Electronics,640,79.0,29.0,213.0,0,OK
Furniture | Brand X | Small | Black | Metal,Furniture,640,81.0,30.0,215.0,0,OK
Groceries | Brand X | Medium | Blue | Glass,Groceries,641,82.0,30.0,222.0,0,OK
Groceries | Brand Y | Small | Blue | Metal,Groceries,641,74.0,26.0,203.0,0,OK
Toys | Brand Z | Large | Black | Metal,Toys,642,76.0,30.0,197.0,0,OK
Groceries | Brand Z | Medium | White | Metal,Groceries,643,76.0,28.0,205.0,0,OK
Toys | Brand X | Small | Black | Metal,Toys,643,78.0,28.0,212.0,0,OK
Clothing | Brand X | Large | Blue | Glass,Clothing,644,75.0,27.0,205.0,0,OK
Toys | Brand Y | Medium | White | Wood,Toys,644,77.0,28.0,210.0,0,OK
Groceries | Brand Z | Medium | Black | Plastic,Groceries,645,77.0,28.0,208.0,0,OK
Clothing | Brand Z | Small | Blue | Metal,Clothing,646,77.0,29.0,205.0,0,OK
Toys | Brand Y | Large | White | Plastic,Toys,647,80.0,29.0,216.0,0,OK
Clothing | Brand X | Large | Green | Metal,Clothing,648,73.0,27.0,194.0,0,OK
Furniture | Brand Y | Large | Black | Glass,Furniture,648,80.0,28.0,220.0,0,OK
Groceries | Brand Y | Large | Blue | Glass,Groceries,648,79.0,28.0,218.0,0,OK
Toys | Brand Z | Large | Black | Glass,Toys,648,79.0,30.0,210.0,0,OK
Furniture | Brand Z | Small | Green | Glass,Furniture,649,79.0,29.0,214.0,0,OK
Clothing | Brand Y | Small | Red | Glass,Clothing,651,82.0,31.0,216.0,0,OK
Furniture | Brand X | Small | Green | Plastic,Furniture,651,81.0,29.0,220.0,0,OK
Groceries | Brand Y | Medium | White | Glass,Groceries,651,80.0,28.0,219.0,0,OK
Clothing | Brand Y | Large | Blue | Metal,Clothing,652,76.0,28.0,202.0,0,OK
Clothing | Brand Z | Large | Green | Glass,Clothing,652,80.0,29.0,217.0,0,OK
Clothing | Brand X | Small | White | Wood,Clothing,653,79.0,28.0,217.0,0,OK
Electronics | Brand Y | Large | White | Metal,Electronics,656,78.0,29.0,208.0,0,OK
Groceries | Brand Z | Large | Red | Plastic,Groceries,660,73.0,26.0,201.0,0,OK
Groceries | Brand Z | Small | Black | Glass,Groceries,660,75.0,28.0,199.0,0,OK
Toys | Brand X | Medium | Black | Wood,Toys,660,78.0,29.0,208.0,0,OK
Toys | Brand X | Medium | White | Plastic,Toys,660,74.0,27.0,198.0,0,OK
Toys | Brand Z | Large | Blue | Plastic,Toys,660,78.0,29.0,209.0,0,OK
Toys | Brand Y | Large | Black | Metal,Toys,663,74.0,28.0,195.0,0,OK
Toys | Brand Y | Medium | Blue | Glass,Toys,663,76.0,28.0,204.0,0,OK
Clothing | Brand X | Medium | Blue | Glass,Clothing,664,75.0,28.0,200.0,0,OK
Electronics | Brand Z | Large | Red | Plastic,Electronics,664,73.0,26.0,198.0,0,OK
Furniture | Brand Z | Small | Black | Glass,Furniture,664,80.0,28.0,220.0,0,OK
Clothing | Brand X | Medium | Red | Plastic,Clothing,665,75.0,28.0,201.0,0,OK
Electronics | Brand X | Large | Black | Metal,Electronics,665,73.0,27.0,194.0,0,OK
Toys | Brand Y | Large | Black | Plastic,Toys,665,79.0,29.0,213.0,0,OK
Toys | Brand Y | Medium | Blue | Plastic,Toys,665,78.0,28.0,213.0,0,OK
Clothing | Brand X | Large | White | Plastic,Clothing,666,77.0,28.0,209.0,0,OK
Electronics | Brand X | Large | White | Glass,Electronics,666,78.0,29.0,209.0,0,OK
Clothing | Brand Y | Small | Red | Metal,Clothing,667,77.0,29.0,202.0,0,OK
Electronics | Brand Y | Small | Black | Glass,Electronics,668,78.0,29.0,206.0,0,OK
Groceries | Brand X | Large | Red | Plastic,Groceries,668,79.0,29.0,214.0,0,OK
Toys | Brand X | Large | Red | Wood,Toys,668,76.0,27.0,206.0,0,OK
Furniture | Brand Y | Large | Green | Metal,Furniture,669,77.0,29.0,202.0,0,OK
Groceries | Brand X | Medium | White | Metal,Groceries,669,75.0,27.0,203.0,0,OK
Clothing | Brand Y | Medium | White | Plastic,Clothing,670,77.0,29.0,203.0,0,OK
Clothing | Brand Z | Small | Green | Plastic,Clothing,670,75.0,27.0,205.0,0,OK
Electronics | Brand X | Large | Green | Plastic,Electronics,670,82.0,31.0,215.0,0,OK
Groceries | Brand Y | Large | Red | Wood,Groceries,671,78.0,29.0,210.0,0,OK
Groceries | Brand Z | Large | White | Metal,Groceries,672,78.0,28.0,212.0,0,OK
Electronics | Brand Y | Small | Green | Wood,Electronics,673,77.0,28.0,208.0,0,OK
Groceries | Brand Y | Large | Black | Plastic,Groceries,673,81.0,31.0,212.0,0,OK
Clothing | Brand Y | Large | White | Wood,Clothing,675,75.0,27.0,204.0,0,OK
Furniture | Brand Y | Small | Black | Glass,Furniture,675,78.0,29.0,209.0,0,OK
Furniture | Brand X | Medium | Green | Wood,Furniture,677,76.0,28.0,204.0,0,OK
Groceries | Brand X | Large | Green | Glass,Groceries,677,76.0,27.0,210.0,0,OK
Furniture | Brand Y | Small | Black | Wood,Furniture,679,79.0,29.0,212.0,0,OK
Electronics | Brand Y | Small | White | Glass,Electronics,680,73.0,27.0,196.0,0,OK
Clothing | Brand Y | Large | Green | Plastic,Clothing,681,75.0,28.0,201.0,0,OK
Groceries | Brand X | Small | Black | Wood,Groceries,681,74.0,28.0,196.0,0,OK
Clothing | Brand Y | Large | Black | Plastic,Clothing,682,74.0,27.0,200.0,0,OK
Electronics | Brand Z | Medium | White | Metal,Electronics,682,76.0,28.0,203.0,0,OK
Clothing | Brand X | Small | Red | Metal,Clothing,684,76.0,28.0,204.0,0,OK
Electronics | Brand X | Large | Red | Wood,Electronics,684,78.0,29.0,210.0,0,OK
Furniture | Brand X | Medium | White | Plastic,Furniture,684,80.0,29.0,217.0,0,OK
Electronics | Brand X | Medium | Red | Plastic,Electronics,685,76.0,29.0,201.0,0,OK
Electronics | Brand Y | Large | White | Glass,Electronics,686,77.0,28.0,209.0,0,OK
Clothing | Brand X | Large | Red | Wood,Clothing,687,78.0,29.0,209.0,0,OK
Electronics | Brand X | Large | Black | Plastic,Electronics,687,73.0,27.0,197.0,0,OK
Groceries | Brand X | Small | Green | Glass,Groceries,687,81.0,28.0,224.0,0,OK
Furniture | Brand Z | Medium | Red | Metal,Furniture,688,79.0,28.0,215.0,0,OK
Electronics | Brand X | Small | Blue | Metal,Electronics,689,77.0,30.0,199.0,0,OK
Furniture | Brand Y | Medium | Black | Plastic,Furniture,689,78.0,28.0,211.0,0,OK
Clothing | Brand X | Medium | Black | Glass,Clothing,690,75.0,27.0,202.0,0,OK
Groceries | Brand X | Medium | Blue | Plastic,Groceries,690,76.0,28.0,205.0,0,OK
Furniture | Brand Y | Small | White | Metal,Furniture,691,83.0,31.0,219.0,0,OK
Groceries | Brand Y | Large | Green | Wood,Groceries,691,79.0,29.0,212.0,0,OK
Groceries | Brand Z | Medium | White | Wood,Groceries,691,81.0,31.0,211.0,0,OK
Toys | Brand Z | Large | Black | Plastic,Toys,693,76.0,29.0,200.0,0,OK
Toys | Brand Y | Small | Red | Glass,Toys,695,76.0,28.0,202.0,0,OK
Clothing | Brand Y | Large | Black | Wood,Clothing,696,75.0,27.0,202.0,0,OK
Electronics | Brand Y | Medium | White | Plastic,Electronics,700,76.0,28.0,202.0,0,OK
Furniture | Brand Y | Small | White | Glass,Furniture,700,80.0,29.0,217.0,0,OK
Electronics | Brand Z | Large | Blue | Metal,Electronics,702,76.0,28.0,205.0,0,OK
Groceries | Brand Y | Small | Red | Glass,Groceries,703,74.0,27.0,200.0,0,OK
Toys | Brand Y | Medium | Black | Glass,Toys,703,71.0,26.0,191.0,0,OK
Groceries | Brand Z | Large | White | Plastic,Groceries,704,80.0,30.0,214.0,0,OK
Toys | Brand X | Small | Red | Glass,Toys,704,79.0,28.0,217.0,0,OK
Furniture | Brand Y | Medium | White | Wood,Furniture,706,73.0,27.0,195.0,0,OK
Groceries | Brand Z | Large | Green | Plastic,Groceries,706,79.0,29.0,213.0,0,OK
Toys | Brand Z | Large | Green | Metal,Toys,706,78.0,28.0,211.0,0,OK
Groceries | Brand X | Medium | Black | Plastic,Groceries,708,78.0,29.0,207.0,0,OK
Groceries | Brand Y | Small | Blue | Wood,Groceries,708,75.0,27.0,202.0,0,OK
Groceries | Brand X | Medium | Red | Metal,Groceries,709,77.0,29.0,204.0,0,OK
Electronics | Brand Y | Large | Black | Glass,Electronics,710,78.0,29.0,207.0,0,OK
Toys | Brand Z | Medium | Red | Wood,Toys,710,79.0,30.0,207.0,0,OK
Groceries | Brand X | Small | Black | Metal,Groceries,711,78.0,28.0,213.0,0,OK
Electronics | Brand X | Medium | Green | Glass,Electronics,712,76.0,29.0,200.0,0,OK
Furniture | Brand X | Large | Green | Metal,Furniture,712,77.0,28.0,206.0,0,OK
Electronics | Brand Y | Large | Blue | Metal,Electronics,714,80.0,29.0,216.0,0,OK
Furniture | Brand X | Large | Red | Glass,Furniture,714,78.0,29.0,209.0,0,OK
Furniture | Brand Y | Small | Blue | Wood,Furniture,715,77.0,28.0,209.0,0,OK
Furniture | Brand Y | Small | Blue | Metal,Furniture,716,78.0,27.0,215.0,0,OK
Toys | Brand Z | Medium | White | Plastic,Toys,716,78.0,29.0,207.0,0,OK
Clothing | Brand Y | Medium | Black | Glass,Clothing,718,76.0,27.0,209.0,0,OK
Electronics | Brand Y | Large | Red | Plastic,Electronics,718,77.0,28.0,206.0,0,OK
Electronics | Brand Z | Large | Green | Glass,Electronics,718,79.0,29.0,214.0,0,OK
Furniture | Brand X | Large | Blue | Glass,Furniture,718,80.0,30.0,211.0,0,OK
Groceries | Brand X | Medium | Blue | Wood,Groceries,718,76.0,27.0,208.0,0,OK
Groceries | Brand Z | Small | Red | Plastic,Groceries,718,83.0,31.0,222.0,0,OK
Groceries | Brand Y | Medium | Black | Plastic,Groceries,719,77.0,28.0,210.0,0,OK
Furniture | Brand X | Medium | Blue | Glass,Furniture,720,79.0,28.0,216.0,0,OK
Furniture | Brand X | Medium | Blue | Wood,Furniture,720,77.0,29.0,205.0,0,OK
Electronics | Brand X | Medium | White | Plastic,Electronics,722,75.0,28.0,201.0,0,OK
Toys | Brand Y | Medium | White | Glass,Toys,722,78.0,29.0,206.0,0,OK
Toys | Brand Y | Small | Blue | Metal,Toys,723,80.0,29.0,217.0,0,OK
Groceries | Brand Y | Small | Green | Metal,Groceries,724,78.0,29.0,210.0,0,OK
Groceries | Brand Z | Medium | Green | Wood,Groceries,725,77.0,28.0,206.0,0,OK
Electronics | Brand Y | Large | Black | Plastic,Electronics,726,77.0,28.0,210.0,0,OK
Furniture | Brand X | Large | Green | Wood,Furniture,726,77.0,29.0,205.0,0,OK
Toys | Brand X | Small | Blue | Wood,Toys,726,81.0,30.0,218.0,0,OK
Clothing | Brand Z | Medium | Blue | Plastic,Clothing,729,80.0,30.0,211.0,0,OK
Toys | Brand X | Medium | Green | Metal,Toys,729,79.0,29.0,214.0,0,OK
Toys | Brand Z | Small | Blue | Metal,Toys,729,76.0,29.0,201.0,0,OK
Toys | Brand Y | Small | White | Metal,Toys,730,76.0,28.0,204.0,0,OK
Electronics | Brand X | Small | White | Wood,Electronics,731,78.0,29.0,206.0,0,OK
Furniture | Brand X | Large | Black | Wood,Furniture,731,76.0,27.0,208.0,0,OK
Electronics | Brand Y | Small | White | Plastic,Electronics,734,80.0,30.0,211.0,0,OK
Toys | Brand Y | Large | Green | Wood,Toys,735,76.0,29.0,198.0,0,OK
Clothing | Brand Z | Large | Red | Metal,Clothing,736,77.0,29.0,204.0,0,OK
Toys | Brand X | Large | Black | Plastic,Toys,739,77.0,29.0,204.0,0,OK
Clothing | Brand X | Small | Green | Plastic,Clothing,740,75.0,27.0,203.0,0,OK
Clothing | Brand Z | Large | Blue | Metal,Clothing,741,76.0,27.0,207.0,0,OK
Furniture | Brand Z | Large | Blue | Metal,Furniture,741,82.0,29.0,225.0,0,OK
Toys | Brand Z | Small | Black | Plastic,Toys,741,84.0,31.0,227.0,0,OK
Furniture | Brand Z | Small | White | Glass,Furniture,742,77.0,29.0,205.0,0,OK
Groceries | Brand Y | Medium | Red | Metal,Groceries,742,80.0,29.0,217.0,0,OK
Clothing | Brand X | Large | White | Wood,Clothing,746,80.0,29.0,216.0,0,OK
Furniture | Brand Z | Large | Blue | Wood,Furniture,747,77.0,27.0,211.0,0,OK
Toys | Brand Z | Medium | Black | Plastic,Toys,747,75.0,27.0,203.0,0,OK
Clothing | Brand Z | Medium | Black | Metal,Clothing,748,75.0,29.0,196.0,0,OK
Furniture | Brand Z | Medium | Blue | Plastic,Furniture,749,78.0,28.0,211.0,0,OK
Clothing | Brand Y | Large | Black | Glass,Clothing,751,75.0,27.0,203.0,0,OK
Electronics | Brand Z | Small | White | Metal,Electronics,752,74.0,28.0,197.0,0,OK
Furniture | Brand Z | Medium | Green | Glass,Furniture,752,78.0,29.0,207.0,0,OK
Electronics | Brand X | Medium | Blue | Glass,Electronics,753,76.0,29.0,201.0,0,OK
Furniture | Brand X | Medium | Green | Glass,Furniture,753,78.0,29.0,210.0,0,OK
Electronics | Brand X | Medium | Green | Metal,Electronics,756,77.0,30.0,198.0,0,OK
Groceries | Brand X | Medium | White | Wood,Groceries,756,76.0,29.0,199.0,0,OK
Toys | Brand X | Small | White | Glass,Toys,757,78.0,29.0,209.0,0,OK
Furniture | Brand Z | Small | Green | Plastic,Furniture,758,74.0,27.0,198.0,0,OK
Toys | Brand X | Large | Red | Plastic,Toys,760,74.0,28.0,194.0,0,OK
Toys | Brand Y | Small | Black | Glass,Toys,764,78.0,30.0,202.0,0,OK
Electronics | Brand Z | Medium | Black | Wood,Electronics,765,76.0,28.0,203.0,0,OK
Clothing | Brand Y | Large | Blue | Glass,Clothing,766,81.0,29.0,219.0,0,OK
Toys | Brand Y | Medium | Black | Wood,Toys,768,81.0,31.0,213.0,0,OK
Clothing | Brand X | Small | White | Metal,Clothing,772,73.0,26.0,199.0,0,OK
Furniture | Brand Y | Medium | White | Glass,Furniture,773,76.0,27.0,207.0,0,OK
Toys | Brand Y | Large | Red | Metal,Toys,775,77.0,29.0,205.0,0,OK
Furniture | Brand Y | Large | Green | Glass,Furniture,780,78.0,29.0,210.0,0,OK
Furniture | Brand Y | Medium | Black | Wood,Furniture,780,75.0,28.0,198.0,0,OK
Furniture | Brand Z | Small | White | Metal,Furniture,781,80.0,28.0,222.0,0,OK
Groceries | Brand Y | Large | White | Plastic,Groceries,782,80.0,29.0,216.0,0,OK
Furniture | Brand Z | Large | Blue | Glass,Furniture,783,78.0,27.0,216.0,0,OK
Furniture | Brand X | Small | White | Plastic,Furniture,785,78.0,28.0,214.0,0,OK
Electronics | Brand Z | Small | Green | Metal,Electronics,786,82.0,31.0,218.0,0,OK
Toys | Brand X | Large | Green | Plastic,Toys,786,76.0,27.0,207.0,0,OK
Toys | Brand X | Large | Red | Metal,Toys,786,77.0,28.0,208.0,0,OK
Furniture | Brand Z | Medium | Red | Glass,Furniture,788,77.0,27.0,212.0,0,OK
Clothing | Brand Y | Medium | Black | Metal,Clothing,791,77.0,28.0,209.0,0,OK
Electronics | Brand X | Medium | White | Metal,Electronics,792,80.0,30.0,212.0,0,OK
Electronics | Brand Z | Medium | Black | Glass,Electronics,793,78.0,29.0,206.0,0,OK
Groceries | Brand X | Large | Blue | Wood,Groceries,794,82.0,30.0,221.0,0,OK
Clothing | Brand Z | Small | Red | Wood,Clothing,802,76.0,27.0,206.0,0,OK
Furniture | Brand Z | Large | Black | Metal,Furniture,803,79.0,28.0,216.0,0,OK
Groceries | Brand Y | Small | Green | Glass,Groceries,804,78.0,28.0,214.0,0,OK
Toys | Brand Z | Medium | Green | Glass,Toys,804,77.0,27.0,213.0,0,OK
Clothing | Brand Z | Medium | Black | Plastic,Clothing,805,81.0,29.0,221.0,0,OK
Toys | Brand Y | Small | Black | Plastic,Toys,806,78.0,30.0,203.0,0,OK
Clothing | Brand Y | Large | Red | Wood,Clothing,807,77.0,29.0,204.0,0,OK
Groceries | Brand Y | Large | Green | Glass,Groceries,807,73.0,26.0,198.0,0,OK
Groceries | Brand Z | Large | Red | Glass,Groceries,807,76.0,28.0,202.0,0,OK
Groceries | Brand Y | Large | Red | Metal,Groceries,811,73.0,27.0,195.0,0,OK
Toys | Brand Y | Large | Black | Wood,Toys,814,76.0,28.0,205.0,0,OK
Furniture | Brand Z | Medium | Green | Plastic,Furniture,816,80.0,28.0,220.0,0,OK
Groceries | Brand X | Large | Green | Plastic,Groceries,818,79.0,29.0,211.0,0,OK
Clothing | Brand Y | Small | White | Plastic,Clothing,819,80.0,29.0,215.0,0,OK
Furniture | Brand Y | Large | Blue | Glass,Furniture,819,78.0,28.0,212.0,0,OK
Furniture | Brand Y | Large | Red | Plastic,Furniture,819,79.0,28.0,216.0,0,OK
Clothing | Brand Y | Small | White | Wood,Clothing,820,79.0,28.0,216.0,0,OK
Groceries | Brand X | Small | Red | Wood,Groceries,820,78.0,28.0,214.0,0,OK
Furniture | Brand X | Small | Green | Wood,Furniture,822,75.0,28.0,200.0,0,OK
Groceries | Brand Y | Small | Blue | Plastic,Groceries,822,81.0,30.0,215.0,0,OK
Furniture | Brand Z | Medium | Blue | Glass,Furniture,823,74.0,27.0,198.0,0,OK
Groceries | Brand X | Large | Black | Metal,Groceries,824,77.0,28.0,208.0,0,OK
Clothing | Brand X | Small | Red | Wood,Clothing,827,78.0,29.0,208.0,0,OK
Electronics | Brand X | Large | Green | Glass,Electronics,830,74.0,27.0,198.0,0,OK
Furniture | Brand X | Large | White | Wood,Furniture,830,79.0,28.0,218.0,0,OK
Furniture | Brand Z | Medium | White | Plastic,Furniture,833,77.0,29.0,202.0,0,OK
Toys | Brand X | Medium | Black | Plastic,Toys,834,81.0,30.0,215.0,0,OK
Toys | Brand Z | Small | Green | Metal,Toys,835,74.0,28.0,197.0,0,OK
Toys | Brand X | Large | Green | Wood,Toys,838,78.0,29.0,206.0,0,OK
Electronics | Brand Z | Large | White | Glass,Electronics,839,73.0,27.0,196.0,0,OK
Furniture | Brand X | Small | Green | Glass,Furniture,840,77.0,29.0,205.0,0,OK
Toys | Brand X | Large | Blue | Wood,Toys,840,78.0,29.0,210.0,0,OK
Groceries | Brand Z | Large | Blue | Metal,Groceries,841,83.0,30.0,224.0,0,OK
Clothing | Brand Z | Small | Green | Wood,Clothing,842,78.0,29.0,207.0,0,OK
Clothing | Brand X | Large | Green | Wood,Clothing,843,76.0,27.0,206.0,0,OK
Clothing | Brand Y | Small | Black | Wood,Clothing,844,79.0,28.0,217.0,0,OK
Electronics | Brand Y | Large | Red | Wood,Electronics,844,78.0,29.0,210.0,0,OK
Groceries | Brand Y | Medium | Black | Metal,Groceries,844,78.0,28.0,213.0,0,OK
Groceries | Brand Y | Small | White | Metal,Groceries,845,79.0,29.0,213.0,0,OK
Electronics | Brand Z | Medium | Blue | Glass,Electronics,846,78.0,29.0,206.0,0,OK
Toys | Brand Z | Large | Blue | Glass,Toys,850,77.0,29.0,204.0,0,OK
Clothing | Brand Z | Medium | White | Glass,Clothing,851,73.0,26.0,198.0,0,OK
Electronics | Brand Z | Medium | Green | Metal,Electronics,851,78.0,30.0,203.0,0,OK
Groceries | Brand Z | Large | White | Glass,Groceries,852,80.0,30.0,214.0,0,OK
Furniture | Brand Y | Medium | Blue | Glass,Furniture,853,77.0,28.0,209.0,0,OK
Clothing | Brand X | Small | Black | Metal,Clothing,856,77.0,28.0,210.0,0,OK
Furniture | Brand Y | Large | White | Glass,Furniture,863,75.0,28.0,200.0,0,OK
Clothing | Brand Y | Small | Blue | Plastic,Clothing,865,77.0,27.0,212.0,0,OK
Electronics | Brand X | Large | Black | Wood,Electronics,865,81.0,30.0,218.0,0,OK
Clothing | Brand Y | Large | Red | Plastic,Clothing,867,74.0,27.0,200.0,0,OK
Groceries | Brand Z | Small | Green | Wood,Groceries,867,82.0,30.0,220.0,0,OK
Groceries | Brand Y | Small | Green | Plastic,Groceries,868,77.0,28.0,207.0,0,OK
Groceries | Brand Z | Medium | Red | Plastic,Groceries,870,79.0,30.0,209.0,0,OK
Clothing | Brand Z | Medium | Red | Glass,Clothing,871,77.0,28.0,210.0,0,OK
Groceries | Brand Z | Small | Blue | Plastic,Groceries,871,77.0,28.0,206.0,0,OK
Electronics | Brand Y | Large | White | Wood,Electronics,874,78.0,30.0,204.0,0,OK
Toys | Brand Z | Large | Green | Glass,Toys,874,79.0,29.0,213.0,0,OK
Toys | Brand Z | Large | Red | Wood,Toys,876,75.0,27.0,204.0,0,OK
Electronics | Brand Z | Large | Red | Glass,Electronics,877,78.0,29.0,208.0,0,OK
Toys | Brand Y | Large | Red | Wood,Toys,878,78.0,29.0,209.0,0,OK
Toys | Brand X | Medium | Blue | Glass,Toys,880,78.0,28.0,214.0,0,OK
Furniture | Brand X | Large | Green | Glass,Furniture,881,79.0,27.0,221.0,0,OK
Clothing | Brand Y | Medium | Green | Wood,Clothing,885,77.0,28.0,207.0,0,OK
Toys | Brand Y | Medium | Black | Metal,Toys,886,77.0,28.0,209.0,0,OK
Electronics | Brand Y | Large | Green | Wood,Electronics,888,80.0,30.0,212.0,0,OK
Electronics | Brand X | Large | White | Metal,Electronics,889,72.0,26.0,197.0,0,OK
Groceries | Brand Y | Medium | Red | Plastic,Groceries,892,79.0,30.0,206.0,0,OK
Groceries | Brand Z | Medium | Blue | Plastic,Groceries,895,82.0,29.0,223.0,0,OK
Groceries | Brand X | Large | Black | Plastic,Groceries,897,76.0,28.0,202.0,0,OK
Groceries | Brand X | Small | Black | Glass,Groceries,900,77.0,28.0,210.0,0,OK
Toys | Brand Z | Large | Black | Wood,Toys,900,79.0,30.0,210.0,0,OK
Furniture | Brand Z | Small | Blue | Metal,Furniture,904,85.0,32.0,224.0,0,OK
Furniture | Brand X | Small | Green | Metal,Furniture,905,78.0,29.0,210.0,0,OK
Furniture | Brand Z | Large | Black | Glass,Furniture,910,77.0,28.0,206.0,0,OK
Groceries | Brand Y | Small | White | Glass,Groceries,912,80.0,29.0,215.0,0,OK
Electronics | Brand X | Small | Black | Plastic,Electronics,916,78.0,30.0,202.0,0,OK
Toys | Brand Y | Small | Green | Plastic,Toys,916,81.0,29.0,221.0,0,OK
Groceries | Brand Z | Medium | Green | Plastic,Groceries,919,80.0,30.0,214.0,0,OK
Electronics | Brand Z | Medium | Black | Metal,Electronics,929,73.0,27.0,194.0,0,OK
Clothing | Brand Z | Small | Red | Glass,Clothing,931,79.0,29.0,211.0,0,OK
Groceries | Brand Y | Medium | Blue | Wood,Groceries,934,79.0,28.0,217.0,0,OK
Electronics | Brand X | Small | White | Glass,Electronics,937,74.0,28.0,195.0,0,OK
Toys | Brand Y | Small | Green | Glass,Toys,954,76.0,28.0,204.0,0,OK
Toys | Brand Y | Small | White | Glass,Toys,954,78.0,29.0,208.0,0,OK
Clothing | Brand Y | Large | Black | Metal,Clothing,955,80.0,30.0,211.0,0,OK
Clothing | Brand Z | Large | White | Glass,Clothing,957,78.0,29.0,206.0,0,OK
Toys | Brand Z | Medium | Black | Metal,Toys,970,76.0,27.0,209.0,0,OK
Groceries | Brand Z | Large | Black | Glass,Groceries,972,82.0,30.0,220.0,0,OK
Electronics | Brand Y | Medium | Red | Glass,Electronics,979,76.0,27.0,206.0,0,OK
Electronics | Brand Z | Medium | Green | Plastic,Electronics,985,77.0,30.0,201.0,0,OK
Electronics | Brand Z | Large | Green | Metal,Electronics,987,74.0,28.0,195.0,0,OK
Groceries | Brand X | Large | White | Plastic,Groceries,991,81.0,31.0,213.0,0,OK
Furniture | Brand Y | Medium | Black | Metal,Furniture,992,76.0,27.0,206.0,0,OK
Clothing | Brand Z | Small | Green | Glass,Clothing,994,79.0,29.0,211.0,0,OK
Electronics | Brand X | Medium | Green | Wood,Electronics,1006,74.0,27.0,200.0,0,OK
Clothing | Brand Z | Large | Red | Plastic,Clothing,1017,77.0,28.0,208.0,0,OK
Electronics | Brand Z | Small | Red | Metal,Electronics,1022,72.0,26.0,197.0,0,OK
Toys | Brand Z | Medium | Green | Plastic,Toys,1030,76.0,27.0,209.0,0,OK
Electronics | Brand Z | Large | Red | Metal,Electronics,1063,79.0,29.0,211.0,0,OK
Furniture | Brand X | Medium | Blue | Plastic,Furniture,1073,74.0,28.0,195.0,0,OK
Groceries | Brand Z | Large | White | Wood,Groceries,1074,76.0,27.0,206.0,0,OK
Furniture | Brand Y | Medium | White | Plastic,Furniture,1083,79.0,30.0,209.0,0,OK
Toys | Brand X | Medium | Red | Glass,Toys,1106,78.0,29.0,207.0,0,OK
Groceries | Brand X | Small | Blue | Glass,Groceries,1143,79.0,30.0,210.0,0,OK
Clothing | Brand X | Medium | White | Glass,Clothing,1228,75.0,28.0,201.0,0,OK
